#{"t_start": 1521651844.6891768, "env_id": "HalfCheetah-v2"}
r,l,t
-102.73466,1000,19.664111
-1057.158249,1000,38.797142
-300.196689,1000,57.694923
-188.483472,1000,76.656877
